author_id,name,email,bio,expertise,join_date,rating
0,Michael Bradley,dtucker@example.org,"Oil toward real. Together treat add.
Consumer miss involve news bag. Rest value remember leg those matter child head.
Poor may national politics floor. Language western cause establish.",Technology,2023-06-12,3.6
1,Kristin Krause,emilyburnett@example.com,"Smile fear course energy away.
Long for read especially sign memory tell. Pretty mother now push top carry. Daughter director break test while wait pressure result.",Business,2022-08-31,4.6
2,Allison Berg,franciskimberly@example.com,Mean interview sell consider. Early challenge full quality remain deal your parent.,Science,2020-10-16,4.1
3,Jeremy Cook,rbentley@example.org,Phone city point partner respond blood. Nature situation shoulder spring worry expert. Purpose for artist magazine public begin figure.,Technology,2020-11-19,3.6
4,Lawrence Morrison,hodgeslindsay@example.net,"Tax ten fine food learn myself. Quality fear read shoulder buy. Simply computer miss situation step either have although.
Challenge another skill should. Send possible far wrong material often wear.",Culture,2023-08-13,4.6
5,Eric Guzman,lori20@example.com,"College father probably as hospital agent. Including hold region.
What fact nothing among. Effect if west west a key. Thing myself save go.",Business,2023-07-10,4.8
6,Daniel Beasley,dennisbrenda@example.com,"Memory party care worker to likely. Seven memory receive less remember just smile.
Wrong available green believe alone like everybody talk. Local chance concern important care.",Politics,2022-07-13,3.5
7,Michael Mckinney,elizabeth03@example.org,"Increase value money even describe decide media. Drug throughout today others case.
Each activity white remember. Draw rich season himself these. Almost performance I value have.",Business,2020-06-20,4.1
8,Paula Sharp,kirstenwatkins@example.com,Team build husband chance parent system common. Involve develop environmental single site successful. Foreign recently interview form project. Determine director none expect.,Science,2022-10-31,4.4
9,Brian Martin,tracy68@example.com,"Company establish national her include want. Quality difference course around tell.
Process energy bed whatever. Agent American item fish upon up.",Technology,2024-03-05,4.4
10,Jacob Mills,jason76@example.com,Professor month behind water. Phone police product pattern business. Determine place glass near.,Culture,2022-03-16,4.5
11,Kimberly Gonzales,cynthia47@example.com,"Feeling service never. Debate fast protect quite cover media.
Help feeling back person ok night keep. Tv scene room financial through choice.",Business,2023-10-29,4.0
12,Heather Hawkins,higginsjessica@example.net,"Need finally room sell back. Player size write address. Thing close interest crime.
Food able fast sense. Generation nice particularly. Hundred around cold reason.",Politics,2021-12-16,4.9
13,Candace Hamilton,smithamy@example.org,Letter development tonight almost issue. Life pretty democratic address yes somebody. Response since grow society once western rest. Step spring form community sure your.,Politics,2021-05-22,4.8
14,Jennifer Rodriguez,bryanthomas@example.net,Detail outside sing state start hair end religious. Keep happen west new none leader least production. Time home even first run.,Science,2023-06-16,3.7
15,Stephanie May,fvargas@example.com,"Window big sport site. Company century red.
White feel bar subject course discuss. Congress number determine fall education appear soldier.",Politics,2022-02-12,4.7
16,Virginia Gibson,kbarnes@example.net,Most summer level. Old sea much open prove ball task. Join toward man continue near reduce wind.,Culture,2022-01-15,4.6
17,Jordan Green,tammy48@example.org,Would beyond call section several hundred. Serve nature so special. Start small few place.,Technology,2025-04-04,3.9
18,Michelle White,davidhardy@example.net,"Start interest value I power prevent whose participant. Standard total fund.
Share series capital learn. Fear clearly speech keep skill.",Business,2022-02-18,4.1
19,Mindy Farley,maureenadams@example.org,"Happy true wind person us section bill. Clear up yet most under give. How than allow resource left.
Owner daughter herself media.",Technology,2024-11-26,3.6
20,Dominique Hernandez,ldavis@example.net,"Resource check world maintain teacher state. Sense hope notice prepare. Entire one structure success.
Business to ahead too.",Technology,2021-02-10,4.1
21,Mrs. Jamie Ford,larrypearson@example.net,"Brother rate phone traditional begin magazine. Radio talk attack author program piece.
Professor compare strong deep would explain. Receive our response final.",Business,2024-07-01,3.7
22,Anthony Baker,lori74@example.com,"Whose where color full picture building game apply. Result next sister child more forward.
Action effect data season series cultural collection. Off claim government stage.",Technology,2023-06-06,3.7
23,Cody Smith,fwells@example.org,Event throw cultural structure travel our. All order happen boy. Oil just message gas.,Culture,2023-06-09,4.2
24,Christopher Howard,danielle21@example.net,Site chance word show career technology herself security. Test history Mr around.,Business,2024-11-14,4.5
25,Debra Gutierrez,dianeporter@example.org,"Up man beyond stage executive. Policy decision account treatment travel moment speech.
Light ability small agree message. Growth food prevent election. Floor clear through forget chair model thing.",Science,2021-11-07,4.6
26,Christopher Miller,lauren15@example.com,"Order perhaps him item.
Image culture why second individual board. Specific memory would economic then animal behavior.",Culture,2023-01-27,4.8
27,Robert Greene,shaun30@example.com,Serious road important theory. Stay move attack mention no. Public moment surface about west wear local.,Culture,2022-11-08,3.8
28,Ashley Bryan,stewartrobert@example.org,"Key game executive. Relationship quite film wear. Unit provide account hot husband take cost.
Song hair trade member meet single lead. Success wear soldier hit call manager chair.",Business,2021-04-28,4.8
29,Jason Wilcox,joanna55@example.org,"During nor central care. Term door security own book kid. Class itself newspaper free.
Mother keep where. Ground story mean give place challenge each.",Culture,2024-06-23,4.1
30,Melissa Potter,tonyaharrington@example.org,"Prove because exist agency agree laugh. Medical different employee kitchen pay. Become grow style plant as image most major.
Finally walk happy that collection. Nation travel per.
Boy skin attack.",Politics,2023-06-02,4.2
31,Christian Torres,nthompson@example.org,"Than edge measure relate top. Early after common president respond others Mr.
Machine business what me anything face. Before catch arm. Interest animal clearly throughout address consumer system.",Business,2021-08-12,4.7
32,Brent Haynes,stantonchristina@example.org,"Compare blue you large tonight. Available tax second give generation specific their. Indeed really space possible.
Ability enough by. Film machine certainly actually it audience security.",Business,2022-06-30,3.8
33,Robert Wallace,gregorysavage@example.net,"Month base sort later provide test. Paper to happen stage. Friend right while nothing face director. Week current charge.
Kid option job door key building white. Enter inside question let hold.",Culture,2022-02-12,3.9
34,Bianca Silva,michaelweeks@example.com,"Benefit according rest agreement feel. Whole every line.
Structure possible north too. Appear bill talk. Ever similar use build also probably.",Technology,2023-12-21,4.7
35,Jeffery Rose,leelaura@example.com,Reach debate population involve forward doctor ago. Black boy travel first. Officer name oil red reduce example.,Technology,2023-07-25,4.2
36,Robert Fitzpatrick,karen86@example.com,"Half newspaper Mrs themselves glass white. Why ten new avoid student. Test house country walk.
Administration listen inside hear.",Politics,2021-12-14,4.6
37,Makayla Brown,teresabecker@example.org,"Worker us bring foreign seem. Network party wind build never change.
Turn across also anything buy piece draw child. Hour assume near ground where series beat remain.",Technology,2024-07-11,4.1
38,Rachel Cole,newmanchristopher@example.net,"City reach then market fish individual. Painting wonder sure threat.
Yes week establish indicate court. Color often recognize money official. Program authority we fight.",Culture,2020-04-16,3.6
39,Samantha Estrada,palmermary@example.org,Perform likely suffer begin list. Easy through sign billion cause. Full already light big. Reduce care once need wonder yeah.,Technology,2023-01-07,3.6
40,April Lee,nathangriffin@example.com,Smile position day data again series so. Ball once reduce customer. Low organization wide kind attack.,Technology,2022-10-12,4.0
41,Sergio Stokes,bmoore@example.com,"Federal upon other when. Trade still apply reason dark fly tell.
Model nor director serve space. Ten share budget if one. Step mean raise lay.",Politics,2025-01-03,4.2
42,Daniel Kline,heatherrios@example.com,"Middle all customer blood his learn. Rather pretty stand hope point. Floor require still house whether over me.
Mother specific heavy. Keep nature yes ahead process drug heavy.",Business,2020-09-25,3.9
43,Christina Wise,meganreese@example.net,"Read adult day sit relate Republican traditional small.
Use respond they way the this. Suddenly individual less capital. Answer head few foreign investment long brother.",Business,2020-12-04,4.2
44,Brittany Simon,paynemelissa@example.net,Scientist television particularly civil. Who challenge government either none economy. Official see edge thank responsibility black.,Technology,2023-04-05,4.4
45,Monique Nguyen,michael37@example.net,"Position article raise throughout weight whatever then. Mean good usually expert order enough.
Would draw senior certainly subject cost leg. Learn call collection.",Politics,2025-03-24,4.9
46,Connie Clements,barrettwendy@example.org,Which local every within offer many near. Surface song husband character effort where. Dark happy commercial since check federal government.,Technology,2024-04-24,4.7
47,Brian Bond,imartinez@example.org,"Protect matter purpose nothing. Across clear knowledge. Treat large my machine.
Institution management skin. Political with resource local old check. Window enough stand science bank together.",Science,2022-12-14,4.6
48,Shannon Bryant,rrose@example.org,"Way other stop. Cut pull region beyond soon doctor.
Fish travel very contain give likely. Conference budget interest until purpose.",Technology,2020-04-18,4.1
49,Janet Taylor,grayrichard@example.com,"Soldier special street. Chair writer determine Republican.
Success size Republican. Finish TV lot bar few hard improve.",Technology,2021-08-26,3.5
